Scheduled for April Launch,"Module
模块",,"Measurement Group (EN)
问卷组","Measurement Group (CN)
问卷组",Group Code,,"Measurement
问卷",,"Description
描述",Population,,Language,,Original / Adopted,,Version,Measurement ID,,,,,"Status
状态",,,,
Variables,module,module_code,measuregroup_en,measuregroup_cn,measuregroup_title,measuregroup_code,measure,measure_code,measure_define,popul,popul_code,lan,lan_code,source,source_code,version,measure_id,measure_id_num,data_available,data_source,status_assigned,status_itemtran,status_EFAdatanal,status_CFAdatanal,status_finalscore_long,status_mlanal
TRUE,能力与发展,2,Cattell's 16 Personality Factors Test,卡特尔十六种人格因素测验,EQAI人格因素测验,16PF,乐群性,01,"A1	INTEGER	""I know how to comfort others"" rated on a five point scale (1-5;0 if missed). 1 was labeled as ""strongly disagree"", 2 was labeled as ""disagree"", 3 was labeled as ""neither agree not disagree"", 4 was labeled as ""agree"" and 5 was labeled as ""strongly agree"".
A2	INTEGER	""I enjoy bringing people together"" rated on a five point scale (1-5;0 if missed). 1 was labeled as ""strongly disagree"", 2 was labeled as ""disagree"", 3 was labeled as ""neither agree not disagree"", 4 was labeled as ""agree"" and 5 was labeled as ""strongly agree"".
A3	INTEGER	""I feel others' emotions"" rated on a five point scale (1-5;0 if missed). 1 was labeled as ""strongly disagree"", 2 was labeled as ""disagree"", 3 was labeled as ""neither agree not disagree"", 4 was labeled as ""agree"" and 5 was labeled as ""strongly agree"".
A4	INTEGER	""I take an interest in other people's lives"" rated on a five point scale (1-5;0 if missed). 1 was labeled as ""strongly disagree"", 2 was labeled as ""disagree"", 3 was labeled as ""neither agree not disagree"", 4 was labeled as ""agree"" and 5 was labeled as ""strongly agree"".
A5	INTEGER	""I cheer people up"" rated on a five point scale (1-5;0 if missed). 1 was labeled as ""strongly disagree"", 2 was labeled as ""disagree"", 3 was labeled as ""neither agree not disagree"", 4 was labeled as ""agree"" and 5 was labeled as ""strongly agree"".
A6	INTEGER	""I make people feel at ease"" rated on a five point scale (1-5;0 if missed). 1 was labeled as ""strongly disagree"", 2 was labeled as ""disagree"", 3 was labeled as ""neither agree not disagree"", 4 was labeled as ""agree"" and 5 was labeled as ""strongly agree"".
A7	INTEGER	""I take time out for others"" rated on a five point scale (1-5;0 if missed). 1 was labeled as ""strongly disagree"", 2 was labeled as ""disagree"", 3 was labeled as ""neither agree not disagree"", 4 was labeled as ""agree"" and 5 was labeled as ""strongly agree"".
A8	INTEGER	""I don't like to get involved in other people's problems"" rated on a five point scale (1-5;0 if missed). 1 was labeled as ""strongly disagree"", 2 was labeled as ""disagree"", 3 was labeled as ""neither agree not disagree"", 4 was labeled as ""agree"" and 5 was labeled as ""strongly agree"".
A9	INTEGER	""I am not really interested in others"" rated on a five point scale (1-5;0 if missed). 1 was labeled as ""strongly disagree"", 2 was labeled as ""disagree"", 3 was labeled as ""neither agree not disagree"", 4 was labeled as ""agree"" and 5 was labeled as ""strongly agree"".
A10	INTEGER	""I try not to think about the needy"" rated on a five point scale (1-5;0 if missed). 1 was labeled as ""strongly disagree"", 2 was labeled as ""disagree"", 3 was labeled as ""neither agree not disagree"", 4 was labeled as ""agree"" and 5 was labeled as ""strongly agree"".
B1	INTEGER	""I make insightful remarks"" rated on a five point scale (1-5;0 if missed). 1 was labeled as ""strongly disagree"", 2 was labeled as ""disagree"", 3 was labeled as ""neither agree not disagree"", 4 was labeled as ""agree"" and 5 was labeled as ""strongly agree"".
B2	INTEGER	""I know the answers to many questions"" rated on a five point scale (1-5;0 if missed). 1 was labeled as ""strongly disagree"", 2 was labeled as ""disagree"", 3 was labeled as ""neither agree not disagree"", 4 was labeled as ""agree"" and 5 was labeled as ""strongly agree"".
B3	INTEGER	""I tend to analyze things"" rated on a five point scale (1-5;0 if missed). 1 was labeled as ""strongly disagree"", 2 was labeled as ""disagree"", 3 was labeled as ""neither agree not disagree"", 4 was labeled as ""agree"" and 5 was labeled as ""strongly agree"".
B4	INTEGER	""I use my brain"" rated on a five point scale (1-5;0 if missed). 1 was labeled as ""strongly disagree"", 2 was labeled as ""disagree"", 3 was labeled as ""neither agree not disagree"", 4 was labeled as ""agree"" and 5 was labeled as ""strongly agree"".
B5	INTEGER	""I learn quickly"" rated on a five point scale (1-5;0 if missed). 1 was labeled as ""strongly disagree"", 2 was labeled as ""disagree"", 3 was labeled as ""neither agree not disagree"", 4 was labeled as ""agree"" and 5 was labeled as ""strongly agree"".
B6	INTEGER	""I counter others' arguments"" rated on a five point scale (1-5;0 if missed). 1 was labeled as ""strongly disagree"", 2 was labeled as ""disagree"", 3 was labeled as ""neither agree not disagree"", 4 was labeled as ""agree"" and 5 was labeled as ""strongly agree"".
B7	INTEGER	""I reflect on things before acting"" rated on a five point scale (1-5;0 if missed). 1 was labeled as ""strongly disagree"", 2 was labeled as ""disagree"", 3 was labeled as ""neither agree not disagree"", 4 was labeled as ""agree"" and 5 was labeled as ""strongly agree"".
B8	INTEGER	""I weigh the pros against the cons"" rated on a five point scale (1-5;0 if missed). 1 was labeled as ""strongly disagree"", 2 was labeled as ""disagree"", 3 was labeled as ""neither agree not disagree"", 4 was labeled as ""agree"" and 5 was labeled as ""strongly agree"".
B9	INTEGER	""I consider myself an average person"" rated on a five point scale (1-5;0 if missed). 1 was labeled as ""strongly disagree"", 2 was labeled as ""disagree"", 3 was labeled as ""neither agree not disagree"", 4 was labeled as ""agree"" and 5 was labeled as ""strongly agree"".
B10	INTEGER	""I get confused easily"" rated on a five point scale (1-5;0 if missed). 1 was labeled as ""strongly disagree"", 2 was labeled as ""disagree"", 3 was labeled as ""neither agree not disagree"", 4 was labeled as ""agree"" and 5 was labeled as ""strongly agree"".
B11	INTEGER	""I know that I am not a special person"" rated on a five point scale (1-5;0 if missed). 1 was labeled as ""strongly disagree"", 2 was labeled as ""disagree"", 3 was labeled as ""neither agree not disagree"", 4 was labeled as ""agree"" and 5 was labeled as ""strongly agree"".
B12	INTEGER	""I have a poor vocabulary"" rated on a five point scale (1-5;0 if missed). 1 was labeled as ""strongly disagree"", 2 was labeled as ""disagree"", 3 was labeled as ""neither agree not disagree"", 4 was labeled as ""agree"" and 5 was labeled as ""strongly agree"".
B13	INTEGER	""I skip difficult words while reading"" rated on a five point scale (1-5;0 if missed). 1 was labeled as ""strongly disagree"", 2 was labeled as ""disagree"", 3 was labeled as ""neither agree not disagree"", 4 was labeled as ""agree"" and 5 was labeled as ""strongly agree"".
C1	INTEGER	""I seldom feel blue"" rated on a five point scale (1-5;0 if missed). 1 was labeled as ""strongly disagree"", 2 was labeled as ""disagree"", 3 was labeled as ""neither agree not disagree"", 4 was labeled as ""agree"" and 5 was labeled as ""strongly agree"".
C2	INTEGER	""I feel comfortable with myself"" rated on a five point scale (1-5;0 if missed). 1 was labeled as ""strongly disagree"", 2 was labeled as ""disagree"", 3 was labeled as ""neither agree not disagree"", 4 was labeled as ""agree"" and 5 was labeled as ""strongly agree"".
C3	INTEGER	""I readily overcome setbacks"" rated on a five point scale (1-5;0 if missed). 1 was labeled as ""strongly disagree"", 2 was labeled as ""disagree"", 3 was labeled as ""neither agree not disagree"", 4 was labeled as ""agree"" and 5 was labeled as ""strongly agree"".
C4	INTEGER	""I am relaxed most of the time"" rated on a five point scale (1-5;0 if missed). 1 was labeled as ""strongly disagree"", 2 was labeled as ""disagree"", 3 was labeled as ""neither agree not disagree"", 4 was labeled as ""agree"" and 5 was labeled as ""strongly agree"".
C5	INTEGER	""I am not easily frustrated"" rated on a five point scale (1-5;0 if missed). 1 was labeled as ""strongly disagree"", 2 was labeled as ""disagree"", 3 was labeled as ""neither agree not disagree"", 4 was labeled as ""agree"" and 5 was labeled as ""strongly agree"".
C6	INTEGER	""I have frequent mood swings"" rated on a five point scale (1-5;0 if missed). 1 was labeled as ""strongly disagree"", 2 was labeled as ""disagree"", 3 was labeled as ""neither agree not disagree"", 4 was labeled as ""agree"" and 5 was labeled as ""strongly agree"".
C7	INTEGER	""I often feel blue"" rated on a five point scale (1-5;0 if missed). 1 was labeled as ""strongly disagree"", 2 was labeled as ""disagree"", 3 was labeled as ""neither agree not disagree"", 4 was labeled as ""agree"" and 5 was labeled as ""strongly agree"".
C8	INTEGER	""I dislike myself"" rated on a five point scale (1-5;0 if missed). 1 was labeled as ""strongly disagree"", 2 was labeled as ""disagree"", 3 was labeled as ""neither agree not disagree"", 4 was labeled as ""agree"" and 5 was labeled as ""strongly agree"".
C9	INTEGER	""I feel desperate"" rated on a five point scale (1-5;0 if missed). 1 was labeled as ""strongly disagree"", 2 was labeled as ""disagree"", 3 was labeled as ""neither agree not disagree"", 4 was labeled as ""agree"" and 5 was labeled as ""strongly agree"".
C10	INTEGER	""I am easily discouraged"" rated on a five point scale (1-5;0 if missed). 1 was labeled as ""strongly disagree"", 2 was labeled as ""disagree"", 3 was labeled as ""neither agree not disagree"", 4 was labeled as ""agree"" and 5 was labeled as ""strongly agree"".
D1	INTEGER	""I take charge"" rated on a five point scale (1-5;0 if missed). 1 was labeled as ""strongly disagree"", 2 was labeled as ""disagree"", 3 was labeled as ""neither agree not disagree"", 4 was labeled as ""agree"" and 5 was labeled as ""strongly agree"".
D2	INTEGER	""I want to be in charge"" rated on a five point scale (1-5;0 if missed). 1 was labeled as ""strongly disagree"", 2 was labeled as ""disagree"", 3 was labeled as ""neither agree not disagree"", 4 was labeled as ""agree"" and 5 was labeled as ""strongly agree"".
D3	INTEGER	""I say what I think"" rated on a five point scale (1-5;0 if missed). 1 was labeled as ""strongly disagree"", 2 was labeled as ""disagree"", 3 was labeled as ""neither agree not disagree"", 4 was labeled as ""agree"" and 5 was labeled as ""strongly agree"".
D4	INTEGER	""I am not afraid of providing criticism"" rated on a five point scale (1-5;0 if missed). 1 was labeled as ""strongly disagree"", 2 was labeled as ""disagree"", 3 was labeled as ""neither agree not disagree"", 4 was labeled as ""agree"" and 5 was labeled as ""strongly agree"".
D5	INTEGER	""I take control of things"" rated on a five point scale (1-5;0 if missed). 1 was labeled as ""strongly disagree"", 2 was labeled as ""disagree"", 3 was labeled as ""neither agree not disagree"", 4 was labeled as ""agree"" and 5 was labeled as ""strongly agree"".
D6	INTEGER	""I can take strong measures"" rated on a five point scale (1-5;0 if missed). 1 was labeled as ""strongly disagree"", 2 was labeled as ""disagree"", 3 was labeled as ""neither agree not disagree"", 4 was labeled as ""agree"" and 5 was labeled as ""strongly agree"".
D7	INTEGER	""I wait for others to lead the way"" rated on a five point scale (1-5;0 if missed). 1 was labeled as ""strongly disagree"", 2 was labeled as ""disagree"", 3 was labeled as ""neither agree not disagree"", 4 was labeled as ""agree"" and 5 was labeled as ""strongly agree"".
D8	INTEGER	""I never challenge things"" rated on a five point scale (1-5;0 if missed). 1 was labeled as ""strongly disagree"", 2 was labeled as ""disagree"", 3 was labeled as ""neither agree not disagree"", 4 was labeled as ""agree"" and 5 was labeled as ""strongly agree"".
D9	INTEGER	""I let others make the decisions"" rated on a five point scale (1-5;0 if missed). 1 was labeled as ""strongly disagree"", 2 was labeled as ""disagree"", 3 was labeled as ""neither agree not disagree"", 4 was labeled as ""agree"" and 5 was labeled as ""strongly agree"".
D10	INTEGER	""I let myself be pushed around"" rated on a five point scale (1-5;0 if missed). 1 was labeled as ""strongly disagree"", 2 was labeled as ""disagree"", 3 was labeled as ""neither agree not disagree"", 4 was labeled as ""agree"" and 5 was labeled as ""strongly agree"".
E1	INTEGER	""I am the life of the party"" rated on a five point scale (1-5;0 if missed). 1 was labeled as ""strongly disagree"", 2 was labeled as ""disagree"", 3 was labeled as ""neither agree not disagree"", 4 was labeled as ""agree"" and 5 was labeled as ""strongly agree"".
E2	INTEGER	""I love large parties"" rated on a five point scale (1-5;0 if missed). 1 was labeled as ""strongly disagree"", 2 was labeled as ""disagree"", 3 was labeled as ""neither agree not disagree"", 4 was labeled as ""agree"" and 5 was labeled as ""strongly agree"".
E3	INTEGER	""I joke around a lot"" rated on a five point scale (1-5;0 if missed). 1 was labeled as ""strongly disagree"", 2 was labeled as ""disagree"", 3 was labeled as ""neither agree not disagree"", 4 was labeled as ""agree"" and 5 was labeled as ""strongly agree"".
E4	INTEGER	""I enjoy being part of a loud crowd"" rated on a five point scale (1-5;0 if missed). 1 was labeled as ""strongly disagree"", 2 was labeled as ""disagree"", 3 was labeled as ""neither agree not disagree"", 4 was labeled as ""agree"" and 5 was labeled as ""strongly agree"".
E5	INTEGER	""I amuse my friends"" rated on a five point scale (1-5;0 if missed). 1 was labeled as ""strongly disagree"", 2 was labeled as ""disagree"", 3 was labeled as ""neither agree not disagree"", 4 was labeled as ""agree"" and 5 was labeled as ""strongly agree"".
E6	INTEGER	""I act wild and crazy"" rated on a five point scale (1-5;0 if missed). 1 was labeled as ""strongly disagree"", 2 was labeled as ""disagree"", 3 was labeled as ""neither agree not disagree"", 4 was labeled as ""agree"" and 5 was labeled as ""strongly agree"".
E7	INTEGER	""I seldom joke around"" rated on a five point scale (1-5;0 if missed). 1 was labeled as ""strongly disagree"", 2 was labeled as ""disagree"", 3 was labeled as ""neither agree not disagree"", 4 was labeled as ""agree"" and 5 was labeled as ""strongly agree"".
E8	INTEGER	""I don't like crowded events"" rated on a five point scale (1-5;0 if missed). 1 was labeled as ""strongly disagree"", 2 was labeled as ""disagree"", 3 was labeled as ""neither agree not disagree"", 4 was labeled as ""agree"" and 5 was labeled as ""strongly agree"".
E9	INTEGER	""I am the last to laugh at a joke"" rated on a five point scale (1-5;0 if missed). 1 was labeled as ""strongly disagree"", 2 was labeled as ""disagree"", 3 was labeled as ""neither agree not disagree"", 4 was labeled as ""agree"" and 5 was labeled as ""strongly agree"".
E10	INTEGER	""I dislike loud music"" rated on a five point scale (1-5;0 if missed). 1 was labeled as ""strongly disagree"", 2 was labeled as ""disagree"", 3 was labeled as ""neither agree not disagree"", 4 was labeled as ""agree"" and 5 was labeled as ""strongly agree"".
F1	INTEGER	""I believe laws should be strictly enforced"" rated on a five point scale (1-5;0 if missed). 1 was labeled as ""strongly disagree"", 2 was labeled as ""disagree"", 3 was labeled as ""neither agree not disagree"", 4 was labeled as ""agree"" and 5 was labeled as ""strongly agree"".
F2	INTEGER	""I try to follow the rules"" rated on a five point scale (1-5;0 if missed). 1 was labeled as ""strongly disagree"", 2 was labeled as ""disagree"", 3 was labeled as ""neither agree not disagree"", 4 was labeled as ""agree"" and 5 was labeled as ""strongly agree"".
F3	INTEGER	""I believe in one true religion"" rated on a five point scale (1-5;0 if missed). 1 was labeled as ""strongly disagree"", 2 was labeled as ""disagree"", 3 was labeled as ""neither agree not disagree"", 4 was labeled as ""agree"" and 5 was labeled as ""strongly agree"".
F4	INTEGER	""I respect authority"" rated on a five point scale (1-5;0 if missed). 1 was labeled as ""strongly disagree"", 2 was labeled as ""disagree"", 3 was labeled as ""neither agree not disagree"", 4 was labeled as ""agree"" and 5 was labeled as ""strongly agree"".
F5	INTEGER	""I like to stand during the national anthem"" rated on a five point scale (1-5;0 if missed). 1 was labeled as ""strongly disagree"", 2 was labeled as ""disagree"", 3 was labeled as ""neither agree not disagree"", 4 was labeled as ""agree"" and 5 was labeled as ""strongly agree"".
F6	INTEGER	""I resist authority"" rated on a five point scale (1-5;0 if missed). 1 was labeled as ""strongly disagree"", 2 was labeled as ""disagree"", 3 was labeled as ""neither agree not disagree"", 4 was labeled as ""agree"" and 5 was labeled as ""strongly agree"".
F7	INTEGER	""I break rules"" rated on a five point scale (1-5;0 if missed). 1 was labeled as ""strongly disagree"", 2 was labeled as ""disagree"", 3 was labeled as ""neither agree not disagree"", 4 was labeled as ""agree"" and 5 was labeled as ""strongly agree"".
F8	INTEGER	""I use swear words"" rated on a five point scale (1-5;0 if missed). 1 was labeled as ""strongly disagree"", 2 was labeled as ""disagree"", 3 was labeled as ""neither agree not disagree"", 4 was labeled as ""agree"" and 5 was labeled as ""strongly agree"".
F9	INTEGER	""I oppose authority"" rated on a five point scale (1-5;0 if missed). 1 was labeled as ""strongly disagree"", 2 was labeled as ""disagree"", 3 was labeled as ""neither agree not disagree"", 4 was labeled as ""agree"" and 5 was labeled as ""strongly agree"".
F10	INTEGER	""I know how to get around the rules"" rated on a five point scale (1-5;0 if missed). 1 was labeled as ""strongly disagree"", 2 was labeled as ""disagree"", 3 was labeled as ""neither agree not disagree"", 4 was labeled as ""agree"" and 5 was labeled as ""strongly agree"".
G1	INTEGER	""I feel comfortable around people"" rated on a five point scale (1-5;0 if missed). 1 was labeled as ""strongly disagree"", 2 was labeled as ""disagree"", 3 was labeled as ""neither agree not disagree"", 4 was labeled as ""agree"" and 5 was labeled as ""strongly agree"".
G2	INTEGER	""I talk to a lot of different people at parties"" rated on a five point scale (1-5;0 if missed). 1 was labeled as ""strongly disagree"", 2 was labeled as ""disagree"", 3 was labeled as ""neither agree not disagree"", 4 was labeled as ""agree"" and 5 was labeled as ""strongly agree"".
G3	INTEGER	""I don't mind being the center of attention"" rated on a five point scale (1-5;0 if missed). 1 was labeled as ""strongly disagree"", 2 was labeled as ""disagree"", 3 was labeled as ""neither agree not disagree"", 4 was labeled as ""agree"" and 5 was labeled as ""strongly agree"".
G4	INTEGER	""I make friends easily"" rated on a five point scale (1-5;0 if missed). 1 was labeled as ""strongly disagree"", 2 was labeled as ""disagree"", 3 was labeled as ""neither agree not disagree"", 4 was labeled as ""agree"" and 5 was labeled as ""strongly agree"".
G5	INTEGER	""I start conversations"" rated on a five point scale (1-5;0 if missed). 1 was labeled as ""strongly disagree"", 2 was labeled as ""disagree"", 3 was labeled as ""neither agree not disagree"", 4 was labeled as ""agree"" and 5 was labeled as ""strongly agree"".
G6	INTEGER	""I find it difficult to approach others"" rated on a five point scale (1-5;0 if missed). 1 was labeled as ""strongly disagree"", 2 was labeled as ""disagree"", 3 was labeled as ""neither agree not disagree"", 4 was labeled as ""agree"" and 5 was labeled as ""strongly agree"".
G7	INTEGER	""I often feel uncomfortable around others"" rated on a five point scale (1-5;0 if missed). 1 was labeled as ""strongly disagree"", 2 was labeled as ""disagree"", 3 was labeled as ""neither agree not disagree"", 4 was labeled as ""agree"" and 5 was labeled as ""strongly agree"".
G8	INTEGER	""I have little to say"" rated on a five point scale (1-5;0 if missed). 1 was labeled as ""strongly disagree"", 2 was labeled as ""disagree"", 3 was labeled as ""neither agree not disagree"", 4 was labeled as ""agree"" and 5 was labeled as ""strongly agree"".
G9	INTEGER	""I am quiet around strangers"" rated on a five point scale (1-5;0 if missed). 1 was labeled as ""strongly disagree"", 2 was labeled as ""disagree"", 3 was labeled as ""neither agree not disagree"", 4 was labeled as ""agree"" and 5 was labeled as ""strongly agree"".
G10	INTEGER	""I keep in the background"" rated on a five point scale (1-5;0 if missed). 1 was labeled as ""strongly disagree"", 2 was labeled as ""disagree"", 3 was labeled as ""neither agree not disagree"", 4 was labeled as ""agree"" and 5 was labeled as ""strongly agree"".
H1	INTEGER	""I like to read"" rated on a five point scale (1-5;0 if missed). 1 was labeled as ""strongly disagree"", 2 was labeled as ""disagree"", 3 was labeled as ""neither agree not disagree"", 4 was labeled as ""agree"" and 5 was labeled as ""strongly agree"".
H2	INTEGER	""I enjoy discussing movies and books with others"" rated on a five point scale (1-5;0 if missed). 1 was labeled as ""strongly disagree"", 2 was labeled as ""disagree"", 3 was labeled as ""neither agree not disagree"", 4 was labeled as ""agree"" and 5 was labeled as ""strongly agree"".
H3	INTEGER	""I read a lot"" rated on a five point scale (1-5;0 if missed). 1 was labeled as ""strongly disagree"", 2 was labeled as ""disagree"", 3 was labeled as ""neither agree not disagree"", 4 was labeled as ""agree"" and 5 was labeled as ""strongly agree"".
H4	INTEGER	""I don't like action movies"" rated on a five point scale (1-5;0 if missed). 1 was labeled as ""strongly disagree"", 2 was labeled as ""disagree"", 3 was labeled as ""neither agree not disagree"", 4 was labeled as ""agree"" and 5 was labeled as ""strongly agree"".
H5	INTEGER	""I cry during movies"" rated on a five point scale (1-5;0 if missed). 1 was labeled as ""strongly disagree"", 2 was labeled as ""disagree"", 3 was labeled as ""neither agree not disagree"", 4 was labeled as ""agree"" and 5 was labeled as ""strongly agree"".
H6	INTEGER	""I love flowers"" rated on a five point scale (1-5;0 if missed). 1 was labeled as ""strongly disagree"", 2 was labeled as ""disagree"", 3 was labeled as ""neither agree not disagree"", 4 was labeled as ""agree"" and 5 was labeled as ""strongly agree"".
H7	INTEGER	""I do not enjoy watching dance performances"" rated on a five point scale (1-5;0 if missed). 1 was labeled as ""strongly disagree"", 2 was labeled as ""disagree"", 3 was labeled as ""neither agree not disagree"", 4 was labeled as ""agree"" and 5 was labeled as ""strongly agree"".
H8	INTEGER	""I do not like poetry"" rated on a five point scale (1-5;0 if missed). 1 was labeled as ""strongly disagree"", 2 was labeled as ""disagree"", 3 was labeled as ""neither agree not disagree"", 4 was labeled as ""agree"" and 5 was labeled as ""strongly agree"".
H9	INTEGER	""I dislike works of fiction"" rated on a five point scale (1-5;0 if missed). 1 was labeled as ""strongly disagree"", 2 was labeled as ""disagree"", 3 was labeled as ""neither agree not disagree"", 4 was labeled as ""agree"" and 5 was labeled as ""strongly agree"".
H10	INTEGER	""I rarely notice my emotional reactions"" rated on a five point scale (1-5;0 if missed). 1 was labeled as ""strongly disagree"", 2 was labeled as ""disagree"", 3 was labeled as ""neither agree not disagree"", 4 was labeled as ""agree"" and 5 was labeled as ""strongly agree"".
I1	INTEGER	""I find it hard to forgive others"" rated on a five point scale (1-5;0 if missed). 1 was labeled as ""strongly disagree"", 2 was labeled as ""disagree"", 3 was labeled as ""neither agree not disagree"", 4 was labeled as ""agree"" and 5 was labeled as ""strongly agree"".
I2	INTEGER	""I suspect hidden motives in others"" rated on a five point scale (1-5;0 if missed). 1 was labeled as ""strongly disagree"", 2 was labeled as ""disagree"", 3 was labeled as ""neither agree not disagree"", 4 was labeled as ""agree"" and 5 was labeled as ""strongly agree"".
I3	INTEGER	""I am wary of others"" rated on a five point scale (1-5;0 if missed). 1 was labeled as ""strongly disagree"", 2 was labeled as ""disagree"", 3 was labeled as ""neither agree not disagree"", 4 was labeled as ""agree"" and 5 was labeled as ""strongly agree"".
I4	INTEGER	""I distrust people"" rated on a five point scale (1-5;0 if missed). 1 was labeled as ""strongly disagree"", 2 was labeled as ""disagree"", 3 was labeled as ""neither agree not disagree"", 4 was labeled as ""agree"" and 5 was labeled as ""strongly agree"".
I5	INTEGER	""I believe that people seldom tell you the whole truth"" rated on a five point scale (1-5;0 if missed). 1 was labeled as ""strongly disagree"", 2 was labeled as ""disagree"", 3 was labeled as ""neither agree not disagree"", 4 was labeled as ""agree"" and 5 was labeled as ""strongly agree"".
I6	INTEGER	""I believe that people are essentially evil"" rated on a five point scale (1-5;0 if missed). 1 was labeled as ""strongly disagree"", 2 was labeled as ""disagree"", 3 was labeled as ""neither agree not disagree"", 4 was labeled as ""agree"" and 5 was labeled as ""strongly agree"".
I7	INTEGER	""I trust what people say"" rated on a five point scale (1-5;0 if missed). 1 was labeled as ""strongly disagree"", 2 was labeled as ""disagree"", 3 was labeled as ""neither agree not disagree"", 4 was labeled as ""agree"" and 5 was labeled as ""strongly agree"".
I8	INTEGER	""I trust others"" rated on a five point scale (1-5;0 if missed). 1 was labeled as ""strongly disagree"", 2 was labeled as ""disagree"", 3 was labeled as ""neither agree not disagree"", 4 was labeled as ""agree"" and 5 was labeled as ""strongly agree"".
I9	INTEGER	""I believe that others have good intentions"" rated on a five point scale (1-5;0 if missed). 1 was labeled as ""strongly disagree"", 2 was labeled as ""disagree"", 3 was labeled as ""neither agree not disagree"", 4 was labeled as ""agree"" and 5 was labeled as ""strongly agree"".
I10	INTEGER	""I believe that people are basically moral"" rated on a five point scale (1-5;0 if missed). 1 was labeled as ""strongly disagree"", 2 was labeled as ""disagree"", 3 was labeled as ""neither agree not disagree"", 4 was labeled as ""agree"" and 5 was labeled as ""strongly agree"".
J1	INTEGER	""I do things that others find strange"" rated on a five point scale (1-5;0 if missed). 1 was labeled as ""strongly disagree"", 2 was labeled as ""disagree"", 3 was labeled as ""neither agree not disagree"", 4 was labeled as ""agree"" and 5 was labeled as ""strongly agree"".
J2	INTEGER	""I like to get lost in thought"" rated on a five point scale (1-5;0 if missed). 1 was labeled as ""strongly disagree"", 2 was labeled as ""disagree"", 3 was labeled as ""neither agree not disagree"", 4 was labeled as ""agree"" and 5 was labeled as ""strongly agree"".
J3	INTEGER	""I enjoy wild flights of fantasy"" rated on a five point scale (1-5;0 if missed). 1 was labeled as ""strongly disagree"", 2 was labeled as ""disagree"", 3 was labeled as ""neither agree not disagree"", 4 was labeled as ""agree"" and 5 was labeled as ""strongly agree"".
J4	INTEGER	""I love to daydream"" rated on a five point scale (1-5;0 if missed). 1 was labeled as ""strongly disagree"", 2 was labeled as ""disagree"", 3 was labeled as ""neither agree not disagree"", 4 was labeled as ""agree"" and 5 was labeled as ""strongly agree"".
J5	INTEGER	""I swim against the current"" rated on a five point scale (1-5;0 if missed). 1 was labeled as ""strongly disagree"", 2 was labeled as ""disagree"", 3 was labeled as ""neither agree not disagree"", 4 was labeled as ""agree"" and 5 was labeled as ""strongly agree"".
J6	INTEGER	""I take deviant positions"" rated on a five point scale (1-5;0 if missed). 1 was labeled as ""strongly disagree"", 2 was labeled as ""disagree"", 3 was labeled as ""neither agree not disagree"", 4 was labeled as ""agree"" and 5 was labeled as ""strongly agree"".
J7	INTEGER	""I do unexpected things"" rated on a five point scale (1-5;0 if missed). 1 was labeled as ""strongly disagree"", 2 was labeled as ""disagree"", 3 was labeled as ""neither agree not disagree"", 4 was labeled as ""agree"" and 5 was labeled as ""strongly agree"".
J8	INTEGER	""I do things by the book"" rated on a five point scale (1-5;0 if missed). 1 was labeled as ""strongly disagree"", 2 was labeled as ""disagree"", 3 was labeled as ""neither agree not disagree"", 4 was labeled as ""agree"" and 5 was labeled as ""strongly agree"".
J9	INTEGER	""I seldom daydream"" rated on a five point scale (1-5;0 if missed). 1 was labeled as ""strongly disagree"", 2 was labeled as ""disagree"", 3 was labeled as ""neither agree not disagree"", 4 was labeled as ""agree"" and 5 was labeled as ""strongly agree"".
J10	INTEGER	""I seldom get lost in thought"" rated on a five point scale (1-5;0 if missed). 1 was labeled as ""strongly disagree"", 2 was labeled as ""disagree"", 3 was labeled as ""neither agree not disagree"", 4 was labeled as ""agree"" and 5 was labeled as ""strongly agree"".
K1	INTEGER	""I reveal little about myself"" rated on a five point scale (1-5;0 if missed). 1 was labeled as ""strongly disagree"", 2 was labeled as ""disagree"", 3 was labeled as ""neither agree not disagree"", 4 was labeled as ""agree"" and 5 was labeled as ""strongly agree"".
K2	INTEGER	""I am hard to get to know"" rated on a five point scale (1-5;0 if missed). 1 was labeled as ""strongly disagree"", 2 was labeled as ""disagree"", 3 was labeled as ""neither agree not disagree"", 4 was labeled as ""agree"" and 5 was labeled as ""strongly agree"".
K3	INTEGER	""I don't talk a lot"" rated on a five point scale (1-5;0 if missed). 1 was labeled as ""strongly disagree"", 2 was labeled as ""disagree"", 3 was labeled as ""neither agree not disagree"", 4 was labeled as ""agree"" and 5 was labeled as ""strongly agree"".
K4	INTEGER	""I bottle up my feelings"" rated on a five point scale (1-5;0 if missed). 1 was labeled as ""strongly disagree"", 2 was labeled as ""disagree"", 3 was labeled as ""neither agree not disagree"", 4 was labeled as ""agree"" and 5 was labeled as ""strongly agree"".
K5	INTEGER	""I keep my thoughts to myself"" rated on a five point scale (1-5;0 if missed). 1 was labeled as ""strongly disagree"", 2 was labeled as ""disagree"", 3 was labeled as ""neither agree not disagree"", 4 was labeled as ""agree"" and 5 was labeled as ""strongly agree"".
K6	INTEGER	""I am open about myself to others"" rated on a five point scale (1-5;0 if missed). 1 was labeled as ""strongly disagree"", 2 was labeled as ""disagree"", 3 was labeled as ""neither agree not disagree"", 4 was labeled as ""agree"" and 5 was labeled as ""strongly agree"".
K7	INTEGER	""I am open about my feelings"" rated on a five point scale (1-5;0 if missed). 1 was labeled as ""strongly disagree"", 2 was labeled as ""disagree"", 3 was labeled as ""neither agree not disagree"", 4 was labeled as ""agree"" and 5 was labeled as ""strongly agree"".
K8	INTEGER	""I disclose my intimate thoughts"" rated on a five point scale (1-5;0 if missed). 1 was labeled as ""strongly disagree"", 2 was labeled as ""disagree"", 3 was labeled as ""neither agree not disagree"", 4 was labeled as ""agree"" and 5 was labeled as ""strongly agree"".
K9	INTEGER	""I show my feelings"" rated on a five point scale (1-5;0 if missed). 1 was labeled as ""strongly disagree"", 2 was labeled as ""disagree"", 3 was labeled as ""neither agree not disagree"", 4 was labeled as ""agree"" and 5 was labeled as ""strongly agree"".
K10	INTEGER	""I am willing to talk about myself"" rated on a five point scale (1-5;0 if missed). 1 was labeled as ""strongly disagree"", 2 was labeled as ""disagree"", 3 was labeled as ""neither agree not disagree"", 4 was labeled as ""agree"" and 5 was labeled as ""strongly agree"".
L1	INTEGER	""I am afraid that I will do the wrong thing"" rated on a five point scale (1-5;0 if missed). 1 was labeled as ""strongly disagree"", 2 was labeled as ""disagree"", 3 was labeled as ""neither agree not disagree"", 4 was labeled as ""agree"" and 5 was labeled as ""strongly agree"".
L2	INTEGER	""I feel threatened easily"" rated on a five point scale (1-5;0 if missed). 1 was labeled as ""strongly disagree"", 2 was labeled as ""disagree"", 3 was labeled as ""neither agree not disagree"", 4 was labeled as ""agree"" and 5 was labeled as ""strongly agree"".
L3	INTEGER	""I am easily hurt"" rated on a five point scale (1-5;0 if missed). 1 was labeled as ""strongly disagree"", 2 was labeled as ""disagree"", 3 was labeled as ""neither agree not disagree"", 4 was labeled as ""agree"" and 5 was labeled as ""strongly agree"".
L4	INTEGER	""I worry about things"" rated on a five point scale (1-5;0 if missed). 1 was labeled as ""strongly disagree"", 2 was labeled as ""disagree"", 3 was labeled as ""neither agree not disagree"", 4 was labeled as ""agree"" and 5 was labeled as ""strongly agree"".
L5	INTEGER	""I spend time thinking about past mistakes"" rated on a five point scale (1-5;0 if missed). 1 was labeled as ""strongly disagree"", 2 was labeled as ""disagree"", 3 was labeled as ""neither agree not disagree"", 4 was labeled as ""agree"" and 5 was labeled as ""strongly agree"".
L6	INTEGER	""I feel guilty when I say 'no'"" rated on a five point scale (1-5;0 if missed). 1 was labeled as ""strongly disagree"", 2 was labeled as ""disagree"", 3 was labeled as ""neither agree not disagree"", 4 was labeled as ""agree"" and 5 was labeled as ""strongly agree"".
L7	INTEGER	""I feel crushed by setbacks"" rated on a five point scale (1-5;0 if missed). 1 was labeled as ""strongly disagree"", 2 was labeled as ""disagree"", 3 was labeled as ""neither agree not disagree"", 4 was labeled as ""agree"" and 5 was labeled as ""strongly agree"".
L8	INTEGER	""I don't worry about things that have already happened"" rated on a five point scale (1-5;0 if missed). 1 was labeled as ""strongly disagree"", 2 was labeled as ""disagree"", 3 was labeled as ""neither agree not disagree"", 4 was labeled as ""agree"" and 5 was labeled as ""strongly agree"".
L9	INTEGER	""I am not easily bothered by things"" rated on a five point scale (1-5;0 if missed). 1 was labeled as ""strongly disagree"", 2 was labeled as ""disagree"", 3 was labeled as ""neither agree not disagree"", 4 was labeled as ""agree"" and 5 was labeled as ""strongly agree"".
L10	INTEGER	""I don't let others discourage me"" rated on a five point scale (1-5;0 if missed). 1 was labeled as ""strongly disagree"", 2 was labeled as ""disagree"", 3 was labeled as ""neither agree not disagree"", 4 was labeled as ""agree"" and 5 was label",children/youth,2,CN,1,adopted,2,V0,16PF_乐群性_children/youth_CN_adopted_V0,EQAI_16PF_01_212_V0,yes,OpenPsychometrics,FALSE,FALSE,FALSE,FALSE,FALSE,FALSE
TRUE,能力与发展,2,Cattell's 16 Personality Factors Test,卡特尔十六种人格因素测验,EQAI人格因素测验,16PF,聪慧性,02,,children/youth,2,CN,1,adopted,2,V0,16PF_聪慧性_children/youth_CN_adopted_V0,EQAI_16PF_02_212_V0,yes,OpenPsychometrics,FALSE,FALSE,FALSE,FALSE,FALSE,FALSE
TRUE,能力与发展,2,Cattell's 16 Personality Factors Test,卡特尔十六种人格因素测验,EQAI人格因素测验,16PF,稳定性,03,,children/youth,2,CN,1,adopted,2,V0,16PF_稳定性_children/youth_CN_adopted_V0,EQAI_16PF_03_212_V0,yes,OpenPsychometrics,FALSE,FALSE,FALSE,FALSE,FALSE,FALSE
TRUE,能力与发展,2,Cattell's 16 Personality Factors Test,卡特尔十六种人格因素测验,EQAI人格因素测验,16PF,恃强性,04,,children/youth,2,CN,1,adopted,2,V0,16PF_恃强性_children/youth_CN_adopted_V0,EQAI_16PF_04_212_V0,yes,OpenPsychometrics,FALSE,FALSE,FALSE,FALSE,FALSE,FALSE
TRUE,能力与发展,2,Cattell's 16 Personality Factors Test,卡特尔十六种人格因素测验,EQAI人格因素测验,16PF,兴奋性,05,,children/youth,2,CN,1,adopted,2,V0,16PF_兴奋性_children/youth_CN_adopted_V0,EQAI_16PF_05_212_V0,yes,OpenPsychometrics,FALSE,FALSE,FALSE,FALSE,FALSE,FALSE
TRUE,能力与发展,2,Cattell's 16 Personality Factors Test,卡特尔十六种人格因素测验,EQAI人格因素测验,16PF,有恒性,06,,children/youth,2,CN,1,adopted,2,V0,16PF_有恒性_children/youth_CN_adopted_V0,EQAI_16PF_06_212_V0,yes,OpenPsychometrics,FALSE,FALSE,FALSE,FALSE,FALSE,FALSE
TRUE,能力与发展,2,Cattell's 16 Personality Factors Test,卡特尔十六种人格因素测验,EQAI人格因素测验,16PF,敢为性,07,,children/youth,2,CN,1,adopted,2,V0,16PF_敢为性_children/youth_CN_adopted_V0,EQAI_16PF_07_212_V0,yes,OpenPsychometrics,FALSE,FALSE,FALSE,FALSE,FALSE,FALSE
TRUE,能力与发展,2,Cattell's 16 Personality Factors Test,卡特尔十六种人格因素测验,EQAI人格因素测验,16PF,敏感性,08,,children/youth,2,CN,1,adopted,2,V0,16PF_敏感性_children/youth_CN_adopted_V0,EQAI_16PF_08_212_V0,yes,OpenPsychometrics,FALSE,FALSE,FALSE,FALSE,FALSE,FALSE
TRUE,能力与发展,2,Cattell's 16 Personality Factors Test,卡特尔十六种人格因素测验,EQAI人格因素测验,16PF,怀疑性,09,,children/youth,2,CN,1,adopted,2,V0,16PF_怀疑性_children/youth_CN_adopted_V0,EQAI_16PF_09_212_V0,yes,OpenPsychometrics,FALSE,FALSE,FALSE,FALSE,FALSE,FALSE
TRUE,能力与发展,2,Cattell's 16 Personality Factors Test,卡特尔十六种人格因素测验,EQAI人格因素测验,16PF,幻想性,10,,children/youth,2,CN,1,adopted,2,V0,16PF_幻想性_children/youth_CN_adopted_V0,EQAI_16PF_10_212_V0,yes,OpenPsychometrics,FALSE,FALSE,FALSE,FALSE,FALSE,FALSE
TRUE,能力与发展,2,Cattell's 16 Personality Factors Test,卡特尔十六种人格因素测验,EQAI人格因素测验,16PF,世故性,11,,children/youth,2,CN,1,adopted,2,V0,16PF_世故性_children/youth_CN_adopted_V0,EQAI_16PF_11_212_V0,yes,OpenPsychometrics,FALSE,FALSE,FALSE,FALSE,FALSE,FALSE
TRUE,能力与发展,2,Cattell's 16 Personality Factors Test,卡特尔十六种人格因素测验,EQAI人格因素测验,16PF,忧虑性,12,,children/youth,2,CN,1,adopted,2,V0,16PF_忧虑性_children/youth_CN_adopted_V0,EQAI_16PF_12_212_V0,yes,OpenPsychometrics,FALSE,FALSE,FALSE,FALSE,FALSE,FALSE
TRUE,能力与发展,2,Cattell's 16 Personality Factors Test,卡特尔十六种人格因素测验,EQAI人格因素测验,16PF,实验性,13,,children/youth,2,CN,1,adopted,2,V0,16PF_实验性_children/youth_CN_adopted_V0,EQAI_16PF_13_212_V0,yes,OpenPsychometrics,FALSE,FALSE,FALSE,FALSE,FALSE,FALSE
TRUE,能力与发展,2,Cattell's 16 Personality Factors Test,卡特尔十六种人格因素测验,EQAI人格因素测验,16PF,独立性,14,,children/youth,2,CN,1,adopted,2,V0,16PF_独立性_children/youth_CN_adopted_V0,EQAI_16PF_14_212_V0,yes,OpenPsychometrics,FALSE,FALSE,FALSE,FALSE,FALSE,FALSE
TRUE,能力与发展,2,Cattell's 16 Personality Factors Test,卡特尔十六种人格因素测验,EQAI人格因素测验,16PF,自律性,15,,children/youth,2,CN,1,adopted,2,V0,16PF_自律性_children/youth_CN_adopted_V0,EQAI_16PF_15_212_V0,yes,OpenPsychometrics,FALSE,FALSE,FALSE,FALSE,FALSE,FALSE
TRUE,能力与发展,2,Cattell's 16 Personality Factors Test,卡特尔十六种人格因素测验,EQAI人格因素测验,16PF,紧张性,16,,children/youth,2,CN,1,adopted,2,V0,16PF_紧张性_children/youth_CN_adopted_V0,EQAI_16PF_16_212_V0,yes,OpenPsychometrics,FALSE,FALSE,FALSE,FALSE,FALSE,FALSE
TRUE,身心健康,1,Achenbach System - Youth Self-Report,青少年自评量表,EQAI身心健康自评筛查,Achenbach_YSR,焦虑/抑郁,01,,children/youth,2,CN,1,adopted,2,V0,Achenbach_YSR_焦虑/抑郁_children/youth_CN_adopted_V0,EQAI_Achenbach_YSR_01_212_V0,yes,Data repository,FALSE,FALSE,FALSE,FALSE,FALSE,FALSE
TRUE,身心健康,1,Achenbach System - Youth Self-Report,青少年自评量表,EQAI身心健康自评筛查,Achenbach_YSR,退缩/抑郁,02,,children/youth,2,CN,1,adopted,2,V0,Achenbach_YSR_退缩/抑郁_children/youth_CN_adopted_V0,EQAI_Achenbach_YSR_02_212_V0,yes,Data repository,FALSE,FALSE,FALSE,FALSE,FALSE,FALSE
TRUE,身心健康,1,Achenbach System - Youth Self-Report,青少年自评量表,EQAI身心健康自评筛查,Achenbach_YSR,躯体主诉,03,,children/youth,2,CN,1,adopted,2,V0,Achenbach_YSR_躯体主诉_children/youth_CN_adopted_V0,EQAI_Achenbach_YSR_03_212_V0,yes,Data repository,FALSE,FALSE,FALSE,FALSE,FALSE,FALSE
TRUE,身心健康,1,Achenbach System - Youth Self-Report,青少年自评量表,EQAI身心健康自评筛查,Achenbach_YSR,社会交往问题,04,,children/youth,2,CN,1,adopted,2,V0,Achenbach_YSR_社会交往问题_children/youth_CN_adopted_V0,EQAI_Achenbach_YSR_04_212_V0,yes,Data repository,FALSE,FALSE,FALSE,FALSE,FALSE,FALSE
TRUE,身心健康,1,Achenbach System - Youth Self-Report,青少年自评量表,EQAI身心健康自评筛查,Achenbach_YSR,思维问题,05,,children/youth,2,CN,1,adopted,2,V0,Achenbach_YSR_思维问题_children/youth_CN_adopted_V0,EQAI_Achenbach_YSR_05_212_V0,yes,Data repository,FALSE,FALSE,FALSE,FALSE,FALSE,FALSE
TRUE,身心健康,1,Achenbach System - Youth Self-Report,青少年自评量表,EQAI身心健康自评筛查,Achenbach_YSR,注意力问题,06,,children/youth,2,CN,1,adopted,2,V0,Achenbach_YSR_注意力问题_children/youth_CN_adopted_V0,EQAI_Achenbach_YSR_06_212_V0,yes,Data repository,FALSE,FALSE,FALSE,FALSE,FALSE,FALSE
TRUE,身心健康,1,Achenbach System - Youth Self-Report,青少年自评量表,EQAI身心健康自评筛查,Achenbach_YSR,违纪行为,07,,children/youth,2,CN,1,adopted,2,V0,Achenbach_YSR_违纪行为_children/youth_CN_adopted_V0,EQAI_Achenbach_YSR_07_212_V0,yes,Data repository,FALSE,FALSE,FALSE,FALSE,FALSE,FALSE
TRUE,身心健康,1,Achenbach System - Youth Self-Report,青少年自评量表,EQAI身心健康自评筛查,Achenbach_YSR,攻击性行为,08,,children/youth,2,CN,1,adopted,2,V0,Achenbach_YSR_攻击性行为_children/youth_CN_adopted_V0,EQAI_Achenbach_YSR_08_212_V0,yes,Data repository,FALSE,FALSE,FALSE,FALSE,FALSE,FALSE
TRUE,家长参与,3,Achenbach System - Child Behavior Checklist,儿童青少年行为量表,EQAI身心健康他评筛查（家长）,Achenbach_CBCL,焦虑/抑郁,01,,parent,3,CN,1,adopted,2,V0,Achenbach_CBCL_焦虑/抑郁_parent_CN_adopted_V0,EQAI_Achenbach_CBCL_01_312_V0,yes,Data repository,FALSE,FALSE,FALSE,FALSE,FALSE,FALSE
TRUE,家长参与,3,Achenbach System - Child Behavior Checklist,儿童青少年行为量表,EQAI身心健康他评筛查（家长）,Achenbach_CBCL,退缩/抑郁,02,,parent,3,CN,1,adopted,2,V0,Achenbach_CBCL_退缩/抑郁_parent_CN_adopted_V0,EQAI_Achenbach_CBCL_02_312_V0,yes,Data repository,FALSE,FALSE,FALSE,FALSE,FALSE,FALSE
TRUE,家长参与,3,Achenbach System - Child Behavior Checklist,儿童青少年行为量表,EQAI身心健康他评筛查（家长）,Achenbach_CBCL,躯体主诉,03,,parent,3,CN,1,adopted,2,V0,Achenbach_CBCL_躯体主诉_parent_CN_adopted_V0,EQAI_Achenbach_CBCL_03_312_V0,yes,Data repository,FALSE,FALSE,FALSE,FALSE,FALSE,FALSE
TRUE,家长参与,3,Achenbach System - Child Behavior Checklist,儿童青少年行为量表,EQAI身心健康他评筛查（家长）,Achenbach_CBCL,社会交往问题,04,,parent,3,CN,1,adopted,2,V0,Achenbach_CBCL_社会交往问题_parent_CN_adopted_V0,EQAI_Achenbach_CBCL_04_312_V0,yes,Data repository,FALSE,FALSE,FALSE,FALSE,FALSE,FALSE
TRUE,家长参与,3,Achenbach System - Child Behavior Checklist,儿童青少年行为量表,EQAI身心健康他评筛查（家长）,Achenbach_CBCL,思维问题,05,,parent,3,CN,1,adopted,2,V0,Achenbach_CBCL_思维问题_parent_CN_adopted_V0,EQAI_Achenbach_CBCL_05_312_V0,yes,Data repository,FALSE,FALSE,FALSE,FALSE,FALSE,FALSE
TRUE,家长参与,3,Achenbach System - Child Behavior Checklist,儿童青少年行为量表,EQAI身心健康他评筛查（家长）,Achenbach_CBCL,注意力问题,06,,parent,3,CN,1,adopted,2,V0,Achenbach_CBCL_注意力问题_parent_CN_adopted_V0,EQAI_Achenbach_CBCL_06_312_V0,yes,Data repository,FALSE,FALSE,FALSE,FALSE,FALSE,FALSE
TRUE,家长参与,3,Achenbach System - Child Behavior Checklist,儿童青少年行为量表,EQAI身心健康他评筛查（家长）,Achenbach_CBCL,违纪行为,07,,parent,3,CN,1,adopted,2,V0,Achenbach_CBCL_违纪行为_parent_CN_adopted_V0,EQAI_Achenbach_CBCL_07_312_V0,yes,Data repository,FALSE,FALSE,FALSE,FALSE,FALSE,FALSE
TRUE,家长参与,3,Achenbach System - Child Behavior Checklist,儿童青少年行为量表,EQAI身心健康他评筛查（家长）,Achenbach_CBCL,攻击性行为,08,,parent,3,CN,1,adopted,2,V0,Achenbach_CBCL_攻击性行为_parent_CN_adopted_V0,EQAI_Achenbach_CBCL_08_312_V0,yes,Data repository,FALSE,FALSE,FALSE,FALSE,FALSE,FALSE
,,,,,,,,,,,,,,,,,,,,,,,,,,
,,,,,,,,,,,,,,,,,,,,,,,,,,
,,,,,,,,,,,,,,,,,,,,,,,,,,
,,,,,,,,,,,,,,,,,,,,,,,,,,
,,,,,,,,,,,,,,,,,,,,,,,,,,
,,,,,,,,,,,,,,,,,,,,,,,,,,
,,,,,,,,,"

",,,,,,,,,,,,,,,,,
,,,,,,,,,,,,,,,,,,,,,,,,,,
,,,,,,,,,,,,,,,,,,,,,,,,,,
,,,,,,,,,,,,,,,,,,,,,,,,,,
,,,,,,,,,,,,,,,,,,,,,,,,,,
,,,,,,,,,,,,,,,,,,,,,,,,,,
,,,,,,,,,,,,,,,,,,,,,,,,,,
,,,,,,,,,,,,,,,,,,,,,,,,,,
,,,,,,,,,,,,,,,,,,,,,,,,,,
,,,,,,,,,,,,,,,,,,,,,,,,,,
,,,,,,,,,,,,,,,,,,,,,,,,,,
,,,,,,,,,,,,,,,,,,,,,,,,,,
,,,,,,,,,,,,,,,,,,,,,,,,,,
,,,,,,,,,,,,,,,,,,,,,,,,,,
,,,,,,,,,,,,,,,,,,,,,,,,,,
,,,,,,,,,,,,,,,,,,,,,,,,,,
,,,,,,,,,,,,,,,,,,,,,,,,,,
,,,,,,,,,,,,,,,,,,,,,,,,,,
,,,,,,,,,,,,,,,,,,,,,,,,,,
,,,,,,,,,,,,,,,,,,,,,,,,,,
,,,,,,,,,"
",,,,,,,,,,,,,,,,,